Source Name	Characteristics[organism]	Characteristics[organism part]	Characteristics[developmental stage]	Characteristics[disease]	Characteristics[sex]	Characteristics[age]	Characteristics[ancestry category]	Characteristics[cell type]	Characteristics[cell line]	assay name	comment[label]	comment[data file]	comment[file uri]	comment[fraction identifier]	comment[cleavage agent details]	comment[instrument]	comment[modification parameters]	comment[modification parameters]	comment[modification parameters]	comment[dissociation method]	comment[collision energy]	comment[precursor mass tolerance]	comment[fragment mass tolerance]	Material Type
Sample 1	Homo sapiens	breast	adult	breast cancer	female	51Y	Caucasian	epithelial	MDA-MB-231	run 1	TMT	ElenaP_shTRAP_TMT10_750ugIPG3-10_4of15ul_fr01.raw	ftp://ftp.pride.ebi.ac.uk/pride/data/archive/2017/09/PXD006430/ElenaP_shTRAP_TMT10_750ugIPG3-10_4of15ul_fr01.raw	1	AC=MS:1001251;NT=Trypsin	NT=Q Exactive;AC=MS:1001911	NT=Carbamidomethyl;TA=C;MT=fixed;AC=UNIMOD:4	NT=Oxidation;TA=M;AC=UNIMOD:35;MT=variable	NT=TMT10plex;TA=K;PP=Any N-term;MT=fixed	AC=MS:1000422;NT=HCD	30% NCE	10 ppm	0.02 Da	cell
Sample 1	Homo sapiens	breast	adult	breast cancer	female	51Y	Caucasian	epithelial	MDA-MB-231	run 2	TMT	ElenaP_shTRAP_TMT10_750ugIPG3-10_4of15ul_fr02.raw	ftp://ftp.pride.ebi.ac.uk/pride/data/archive/2017/09/PXD006430/ElenaP_shTRAP_TMT10_750ugIPG3-10_4of15ul_fr02.raw	2	AC=MS:1001251;NT=Trypsin	NT=Q Exactive;AC=MS:1001911	NT=Carbamidomethyl;TA=C;MT=fixed;AC=UNIMOD:4	NT=Oxidation;TA=M;AC=UNIMOD:35;MT=variable	NT=TMT10plex;TA=K;PP=Any N-term;MT=fixed	AC=MS:1000422;NT=HCD	30% NCE	10 ppm	0.02 Da	cell
Sample 1	Homo sapiens	breast	adult	breast cancer	female	51Y	Caucasian	epithelial	MDA-MB-231	run 3	TMT	ElenaP_shTRAP_TMT10_750ugIPG3-10_4of15ul_fr03.raw	ftp://ftp.pride.ebi.ac.uk/pride/data/archive/2017/09/PXD006430/ElenaP_shTRAP_TMT10_750ugIPG3-10_4of15ul_fr03.raw	3	AC=MS:1001251;NT=Trypsin	NT=Q Exactive;AC=MS:1001911	NT=Carbamidomethyl;TA=C;MT=fixed;AC=UNIMOD:4	NT=Oxidation;TA=M;AC=UNIMOD:35;MT=variable	NT=TMT10plex;TA=K;PP=Any N-term;MT=fixed	AC=MS:1000422;NT=HCD	30% NCE	10 ppm	0.02 Da	cell
Sample 1	Homo sapiens	breast	adult	breast cancer	female	51Y	Caucasian	epithelial	MDA-MB-231	run 4	TMT	ElenaP_shTRAP_TMT10_750ugIPG3-10_4of15ul_fr04.raw	ftp://ftp.pride.ebi.ac.uk/pride/data/archive/2017/09/PXD006430/ElenaP_shTRAP_TMT10_750ugIPG3-10_4of15ul_fr04.raw	4	AC=MS:1001251;NT=Trypsin	NT=Q Exactive;AC=MS:1001911	NT=Carbamidomethyl;TA=C;MT=fixed;AC=UNIMOD:4	NT=Oxidation;TA=M;AC=UNIMOD:35;MT=variable	NT=TMT10plex;TA=K;PP=Any N-term;MT=fixed	AC=MS:1000422;NT=HCD	30% NCE	10 ppm	0.02 Da	cell
Sample 1	Homo sapiens	breast	adult	breast cancer	female	51Y	Caucasian	epithelial	MDA-MB-231	run 5	TMT	ElenaP_shTRAP_TMT10_750ugIPG3-10_4of15ul_fr05.raw	ftp://ftp.pride.ebi.ac.uk/pride/data/archive/2017/09/PXD006430/ElenaP_shTRAP_TMT10_750ugIPG3-10_4of15ul_fr05.raw	5	AC=MS:1001251;NT=Trypsin	NT=Q Exactive;AC=MS:1001911	NT=Carbamidomethyl;TA=C;MT=fixed;AC=UNIMOD:4	NT=Oxidation;TA=M;AC=UNIMOD:35;MT=variable	NT=TMT10plex;TA=K;PP=Any N-term;MT=fixed	AC=MS:1000422;NT=HCD	30% NCE	10 ppm	0.02 Da	cell
Sample 1	Homo sapiens	breast	adult	breast cancer	female	51Y	Caucasian	epithelial	MDA-MB-231	run 6	TMT	ElenaP_shTRAP_TMT10_750ugIPG3-10_4of15ul_fr06.raw	ftp://ftp.pride.ebi.ac.uk/pride/data/archive/2017/09/PXD006430/ElenaP_shTRAP_TMT10_750ugIPG3-10_4of15ul_fr06.raw	6	AC=MS:1001251;NT=Trypsin	NT=Q Exactive;AC=MS:1001911	NT=Carbamidomethyl;TA=C;MT=fixed;AC=UNIMOD:4	NT=Oxidation;TA=M;AC=UNIMOD:35;MT=variable	NT=TMT10plex;TA=K;PP=Any N-term;MT=fixed	AC=MS:1000422;NT=HCD	30% NCE	10 ppm	0.02 Da	cell
Sample 1	Homo sapiens	breast	adult	breast cancer	female	51Y	Caucasian	epithelial	MDA-MB-231	run 7	TMT	ElenaP_shTRAP_TMT10_750ugIPG3-10_4of15ul_fr07.raw	ftp://ftp.pride.ebi.ac.uk/pride/data/archive/2017/09/PXD006430/ElenaP_shTRAP_TMT10_750ugIPG3-10_4of15ul_fr07.raw	7	AC=MS:1001251;NT=Trypsin	NT=Q Exactive;AC=MS:1001911	NT=Carbamidomethyl;TA=C;MT=fixed;AC=UNIMOD:4	NT=Oxidation;TA=M;AC=UNIMOD:35;MT=variable	NT=TMT10plex;TA=K;PP=Any N-term;MT=fixed	AC=MS:1000422;NT=HCD	30% NCE	10 ppm	0.02 Da	cell
Sample 1	Homo sapiens	breast	adult	breast cancer	female	51Y	Caucasian	epithelial	MDA-MB-231	run 8	TMT	ElenaP_shTRAP_TMT10_750ugIPG3-10_4of15ul_fr08.raw	ftp://ftp.pride.ebi.ac.uk/pride/data/archive/2017/09/PXD006430/ElenaP_shTRAP_TMT10_750ugIPG3-10_4of15ul_fr08.raw	8	AC=MS:1001251;NT=Trypsin	NT=Q Exactive;AC=MS:1001911	NT=Carbamidomethyl;TA=C;MT=fixed;AC=UNIMOD:4	NT=Oxidation;TA=M;AC=UNIMOD:35;MT=variable	NT=TMT10plex;TA=K;PP=Any N-term;MT=fixed	AC=MS:1000422;NT=HCD	30% NCE	10 ppm	0.02 Da	cell
Sample 1	Homo sapiens	breast	adult	breast cancer	female	51Y	Caucasian	epithelial	MDA-MB-231	run 9	TMT	ElenaP_shTRAP_TMT10_750ugIPG3-10_4of15ul_fr09.raw	ftp://ftp.pride.ebi.ac.uk/pride/data/archive/2017/09/PXD006430/ElenaP_shTRAP_TMT10_750ugIPG3-10_4of15ul_fr09.raw	9	AC=MS:1001251;NT=Trypsin	NT=Q Exactive;AC=MS:1001911	NT=Carbamidomethyl;TA=C;MT=fixed;AC=UNIMOD:4	NT=Oxidation;TA=M;AC=UNIMOD:35;MT=variable	NT=TMT10plex;TA=K;PP=Any N-term;MT=fixed	AC=MS:1000422;NT=HCD	30% NCE	10 ppm	0.02 Da	cell
Sample 1	Homo sapiens	breast	adult	breast cancer	female	51Y	Caucasian	epithelial	MDA-MB-231	run 10	TMT	ElenaP_shTRAP_TMT10_750ugIPG3-10_4of15ul_fr10.raw	ftp://ftp.pride.ebi.ac.uk/pride/data/archive/2017/09/PXD006430/ElenaP_shTRAP_TMT10_750ugIPG3-10_4of15ul_fr10.raw	10	AC=MS:1001251;NT=Trypsin	NT=Q Exactive;AC=MS:1001911	NT=Carbamidomethyl;TA=C;MT=fixed;AC=UNIMOD:4	NT=Oxidation;TA=M;AC=UNIMOD:35;MT=variable	NT=TMT10plex;TA=K;PP=Any N-term;MT=fixed	AC=MS:1000422;NT=HCD	30% NCE	10 ppm	0.02 Da	cell
Sample 1	Homo sapiens	breast	adult	breast cancer	female	51Y	Caucasian	epithelial	MDA-MB-231	run 11	TMT	ElenaP_shTRAP_TMT10_750ugIPG3-10_4of15ul_fr11.raw	ftp://ftp.pride.ebi.ac.uk/pride/data/archive/2017/09/PXD006430/ElenaP_shTRAP_TMT10_750ugIPG3-10_4of15ul_fr11.raw	11	AC=MS:1001251;NT=Trypsin	NT=Q Exactive;AC=MS:1001911	NT=Carbamidomethyl;TA=C;MT=fixed;AC=UNIMOD:4	NT=Oxidation;TA=M;AC=UNIMOD:35;MT=variable	NT=TMT10plex;TA=K;PP=Any N-term;MT=fixed	AC=MS:1000422;NT=HCD	30% NCE	10 ppm	0.02 Da	cell
Sample 1	Homo sapiens	breast	adult	breast cancer	female	51Y	Caucasian	epithelial	MDA-MB-231	run 12	TMT	ElenaP_shTRAP_TMT10_750ugIPG3-10_4of15ul_fr12.raw	ftp://ftp.pride.ebi.ac.uk/pride/data/archive/2017/09/PXD006430/ElenaP_shTRAP_TMT10_750ugIPG3-10_4of15ul_fr12.raw	12	AC=MS:1001251;NT=Trypsin	NT=Q Exactive;AC=MS:1001911	NT=Carbamidomethyl;TA=C;MT=fixed;AC=UNIMOD:4	NT=Oxidation;TA=M;AC=UNIMOD:35;MT=variable	NT=TMT10plex;TA=K;PP=Any N-term;MT=fixed	AC=MS:1000422;NT=HCD	30% NCE	10 ppm	0.02 Da	cell
Sample 1	Homo sapiens	breast	adult	breast cancer	female	51Y	Caucasian	epithelial	MDA-MB-231	run 13	TMT	ElenaP_shTRAP_TMT10_750ugIPG3-10_4of15ul_fr13.raw	ftp://ftp.pride.ebi.ac.uk/pride/data/archive/2017/09/PXD006430/ElenaP_shTRAP_TMT10_750ugIPG3-10_4of15ul_fr13.raw	13	AC=MS:1001251;NT=Trypsin	NT=Q Exactive;AC=MS:1001911	NT=Carbamidomethyl;TA=C;MT=fixed;AC=UNIMOD:4	NT=Oxidation;TA=M;AC=UNIMOD:35;MT=variable	NT=TMT10plex;TA=K;PP=Any N-term;MT=fixed	AC=MS:1000422;NT=HCD	30% NCE	10 ppm	0.02 Da	cell
Sample 1	Homo sapiens	breast	adult	breast cancer	female	51Y	Caucasian	epithelial	MDA-MB-231	run 14	TMT	ElenaP_shTRAP_TMT10_750ugIPG3-10_4of15ul_fr14.raw	ftp://ftp.pride.ebi.ac.uk/pride/data/archive/2017/09/PXD006430/ElenaP_shTRAP_TMT10_750ugIPG3-10_4of15ul_fr14.raw	14	AC=MS:1001251;NT=Trypsin	NT=Q Exactive;AC=MS:1001911	NT=Carbamidomethyl;TA=C;MT=fixed;AC=UNIMOD:4	NT=Oxidation;TA=M;AC=UNIMOD:35;MT=variable	NT=TMT10plex;TA=K;PP=Any N-term;MT=fixed	AC=MS:1000422;NT=HCD	30% NCE	10 ppm	0.02 Da	cell
Sample 1	Homo sapiens	breast	adult	breast cancer	female	51Y	Caucasian	epithelial	MDA-MB-231	run 15	TMT	ElenaP_shTRAP_TMT10_750ugIPG3-10_4of15ul_fr15.raw	ftp://ftp.pride.ebi.ac.uk/pride/data/archive/2017/09/PXD006430/ElenaP_shTRAP_TMT10_750ugIPG3-10_4of15ul_fr15.raw	15	AC=MS:1001251;NT=Trypsin	NT=Q Exactive;AC=MS:1001911	NT=Carbamidomethyl;TA=C;MT=fixed;AC=UNIMOD:4	NT=Oxidation;TA=M;AC=UNIMOD:35;MT=variable	NT=TMT10plex;TA=K;PP=Any N-term;MT=fixed	AC=MS:1000422;NT=HCD	30% NCE	10 ppm	0.02 Da	cell
Sample 1	Homo sapiens	breast	adult	breast cancer	female	51Y	Caucasian	epithelial	MDA-MB-231	run 16	TMT	ElenaP_shTRAP_TMT10_750ugIPG3-10_4of15ul_fr16.raw	ftp://ftp.pride.ebi.ac.uk/pride/data/archive/2017/09/PXD006430/ElenaP_shTRAP_TMT10_750ugIPG3-10_4of15ul_fr16.raw	16	AC=MS:1001251;NT=Trypsin	NT=Q Exactive;AC=MS:1001911	NT=Carbamidomethyl;TA=C;MT=fixed;AC=UNIMOD:4	NT=Oxidation;TA=M;AC=UNIMOD:35;MT=variable	NT=TMT10plex;TA=K;PP=Any N-term;MT=fixed	AC=MS:1000422;NT=HCD	30% NCE	10 ppm	0.02 Da	cell
Sample 1	Homo sapiens	breast	adult	breast cancer	female	51Y	Caucasian	epithelial	MDA-MB-231	run 17	TMT	ElenaP_shTRAP_TMT10_750ugIPG3-10_4of15ul_fr17.raw	ftp://ftp.pride.ebi.ac.uk/pride/data/archive/2017/09/PXD006430/ElenaP_shTRAP_TMT10_750ugIPG3-10_4of15ul_fr17.raw	17	AC=MS:1001251;NT=Trypsin	NT=Q Exactive;AC=MS:1001911	NT=Carbamidomethyl;TA=C;MT=fixed;AC=UNIMOD:4	NT=Oxidation;TA=M;AC=UNIMOD:35;MT=variable	NT=TMT10plex;TA=K;PP=Any N-term;MT=fixed	AC=MS:1000422;NT=HCD	30% NCE	10 ppm	0.02 Da	cell
Sample 1	Homo sapiens	breast	adult	breast cancer	female	51Y	Caucasian	epithelial	MDA-MB-231	run 18	TMT	ElenaP_shTRAP_TMT10_750ugIPG3-10_4of15ul_fr18.raw	ftp://ftp.pride.ebi.ac.uk/pride/data/archive/2017/09/PXD006430/ElenaP_shTRAP_TMT10_750ugIPG3-10_4of15ul_fr18.raw	18	AC=MS:1001251;NT=Trypsin	NT=Q Exactive;AC=MS:1001911	NT=Carbamidomethyl;TA=C;MT=fixed;AC=UNIMOD:4	NT=Oxidation;TA=M;AC=UNIMOD:35;MT=variable	NT=TMT10plex;TA=K;PP=Any N-term;MT=fixed	AC=MS:1000422;NT=HCD	30% NCE	10 ppm	0.02 Da	cell
Sample 1	Homo sapiens	breast	adult	breast cancer	female	51Y	Caucasian	epithelial	MDA-MB-231	run 19	TMT	ElenaP_shTRAP_TMT10_750ugIPG3-10_4of15ul_fr19.raw	ftp://ftp.pride.ebi.ac.uk/pride/data/archive/2017/09/PXD006430/ElenaP_shTRAP_TMT10_750ugIPG3-10_4of15ul_fr19.raw	19	AC=MS:1001251;NT=Trypsin	NT=Q Exactive;AC=MS:1001911	NT=Carbamidomethyl;TA=C;MT=fixed;AC=UNIMOD:4	NT=Oxidation;TA=M;AC=UNIMOD:35;MT=variable	NT=TMT10plex;TA=K;PP=Any N-term;MT=fixed	AC=MS:1000422;NT=HCD	30% NCE	10 ppm	0.02 Da	cell
Sample 1	Homo sapiens	breast	adult	breast cancer	female	51Y	Caucasian	epithelial	MDA-MB-231	run 20	TMT	ElenaP_shTRAP_TMT10_750ugIPG3-10_4of15ul_fr20.raw	ftp://ftp.pride.ebi.ac.uk/pride/data/archive/2017/09/PXD006430/ElenaP_shTRAP_TMT10_750ugIPG3-10_4of15ul_fr20.raw	20	AC=MS:1001251;NT=Trypsin	NT=Q Exactive;AC=MS:1001911	NT=Carbamidomethyl;TA=C;MT=fixed;AC=UNIMOD:4	NT=Oxidation;TA=M;AC=UNIMOD:35;MT=variable	NT=TMT10plex;TA=K;PP=Any N-term;MT=fixed	AC=MS:1000422;NT=HCD	30% NCE	10 ppm	0.02 Da	cell
Sample 1	Homo sapiens	breast	adult	breast cancer	female	51Y	Caucasian	epithelial	MDA-MB-231	run 21	TMT	ElenaP_shTRAP_TMT10_750ugIPG3-10_4of15ul_fr21.raw	ftp://ftp.pride.ebi.ac.uk/pride/data/archive/2017/09/PXD006430/ElenaP_shTRAP_TMT10_750ugIPG3-10_4of15ul_fr21.raw	21	AC=MS:1001251;NT=Trypsin	NT=Q Exactive;AC=MS:1001911	NT=Carbamidomethyl;TA=C;MT=fixed;AC=UNIMOD:4	NT=Oxidation;TA=M;AC=UNIMOD:35;MT=variable	NT=TMT10plex;TA=K;PP=Any N-term;MT=fixed	AC=MS:1000422;NT=HCD	30% NCE	10 ppm	0.02 Da	cell
Sample 1	Homo sapiens	breast	adult	breast cancer	female	51Y	Caucasian	epithelial	MDA-MB-231	run 22	TMT	ElenaP_shTRAP_TMT10_750ugIPG3-10_4of15ul_fr22.raw	ftp://ftp.pride.ebi.ac.uk/pride/data/archive/2017/09/PXD006430/ElenaP_shTRAP_TMT10_750ugIPG3-10_4of15ul_fr22.raw	22	AC=MS:1001251;NT=Trypsin	NT=Q Exactive;AC=MS:1001911	NT=Carbamidomethyl;TA=C;MT=fixed;AC=UNIMOD:4	NT=Oxidation;TA=M;AC=UNIMOD:35;MT=variable	NT=TMT10plex;TA=K;PP=Any N-term;MT=fixed	AC=MS:1000422;NT=HCD	30% NCE	10 ppm	0.02 Da	cell
Sample 1	Homo sapiens	breast	adult	breast cancer	female	51Y	Caucasian	epithelial	MDA-MB-231	run 23	TMT	ElenaP_shTRAP_TMT10_750ugIPG3-10_4of15ul_fr23.raw	ftp://ftp.pride.ebi.ac.uk/pride/data/archive/2017/09/PXD006430/ElenaP_shTRAP_TMT10_750ugIPG3-10_4of15ul_fr23.raw	23	AC=MS:1001251;NT=Trypsin	NT=Q Exactive;AC=MS:1001911	NT=Carbamidomethyl;TA=C;MT=fixed;AC=UNIMOD:4	NT=Oxidation;TA=M;AC=UNIMOD:35;MT=variable	NT=TMT10plex;TA=K;PP=Any N-term;MT=fixed	AC=MS:1000422;NT=HCD	30% NCE	10 ppm	0.02 Da	cell
Sample 1	Homo sapiens	breast	adult	breast cancer	female	51Y	Caucasian	epithelial	MDA-MB-231	run 24	TMT	ElenaP_shTRAP_TMT10_750ugIPG3-10_4of15ul_fr24.raw	ftp://ftp.pride.ebi.ac.uk/pride/data/archive/2017/09/PXD006430/ElenaP_shTRAP_TMT10_750ugIPG3-10_4of15ul_fr24.raw	24	AC=MS:1001251;NT=Trypsin	NT=Q Exactive;AC=MS:1001911	NT=Carbamidomethyl;TA=C;MT=fixed;AC=UNIMOD:4	NT=Oxidation;TA=M;AC=UNIMOD:35;MT=variable	NT=TMT10plex;TA=K;PP=Any N-term;MT=fixed	AC=MS:1000422;NT=HCD	30% NCE	10 ppm	0.02 Da	cell
Sample 1	Homo sapiens	breast	adult	breast cancer	female	51Y	Caucasian	epithelial	MDA-MB-231	run 25	TMT	ElenaP_shTRAP_TMT10_750ugIPG3-10_4of15ul_fr25.raw	ftp://ftp.pride.ebi.ac.uk/pride/data/archive/2017/09/PXD006430/ElenaP_shTRAP_TMT10_750ugIPG3-10_4of15ul_fr25.raw	25	AC=MS:1001251;NT=Trypsin	NT=Q Exactive;AC=MS:1001911	NT=Carbamidomethyl;TA=C;MT=fixed;AC=UNIMOD:4	NT=Oxidation;TA=M;AC=UNIMOD:35;MT=variable	NT=TMT10plex;TA=K;PP=Any N-term;MT=fixed	AC=MS:1000422;NT=HCD	30% NCE	10 ppm	0.02 Da	cell
Sample 1	Homo sapiens	breast	adult	breast cancer	female	51Y	Caucasian	epithelial	MDA-MB-231	run 26	TMT	ElenaP_shTRAP_TMT10_750ugIPG3-10_4of15ul_fr26.raw	ftp://ftp.pride.ebi.ac.uk/pride/data/archive/2017/09/PXD006430/ElenaP_shTRAP_TMT10_750ugIPG3-10_4of15ul_fr26.raw	26	AC=MS:1001251;NT=Trypsin	NT=Q Exactive;AC=MS:1001911	NT=Carbamidomethyl;TA=C;MT=fixed;AC=UNIMOD:4	NT=Oxidation;TA=M;AC=UNIMOD:35;MT=variable	NT=TMT10plex;TA=K;PP=Any N-term;MT=fixed	AC=MS:1000422;NT=HCD	30% NCE	10 ppm	0.02 Da	cell
Sample 1	Homo sapiens	breast	adult	breast cancer	female	51Y	Caucasian	epithelial	MDA-MB-231	run 27	TMT	ElenaP_shTRAP_TMT10_750ugIPG3-10_4of15ul_fr27.raw	ftp://ftp.pride.ebi.ac.uk/pride/data/archive/2017/09/PXD006430/ElenaP_shTRAP_TMT10_750ugIPG3-10_4of15ul_fr27.raw	27	AC=MS:1001251;NT=Trypsin	NT=Q Exactive;AC=MS:1001911	NT=Carbamidomethyl;TA=C;MT=fixed;AC=UNIMOD:4	NT=Oxidation;TA=M;AC=UNIMOD:35;MT=variable	NT=TMT10plex;TA=K;PP=Any N-term;MT=fixed	AC=MS:1000422;NT=HCD	30% NCE	10 ppm	0.02 Da	cell
Sample 1	Homo sapiens	breast	adult	breast cancer	female	51Y	Caucasian	epithelial	MDA-MB-231	run 28	TMT	ElenaP_shTRAP_TMT10_750ugIPG3-10_4of15ul_fr28.raw	ftp://ftp.pride.ebi.ac.uk/pride/data/archive/2017/09/PXD006430/ElenaP_shTRAP_TMT10_750ugIPG3-10_4of15ul_fr28.raw	28	AC=MS:1001251;NT=Trypsin	NT=Q Exactive;AC=MS:1001911	NT=Carbamidomethyl;TA=C;MT=fixed;AC=UNIMOD:4	NT=Oxidation;TA=M;AC=UNIMOD:35;MT=variable	NT=TMT10plex;TA=K;PP=Any N-term;MT=fixed	AC=MS:1000422;NT=HCD	30% NCE	10 ppm	0.02 Da	cell
Sample 1	Homo sapiens	breast	adult	breast cancer	female	51Y	Caucasian	epithelial	MDA-MB-231	run 29	TMT	ElenaP_shTRAP_TMT10_750ugIPG3-10_4of15ul_fr29.raw	ftp://ftp.pride.ebi.ac.uk/pride/data/archive/2017/09/PXD006430/ElenaP_shTRAP_TMT10_750ugIPG3-10_4of15ul_fr29.raw	29	AC=MS:1001251;NT=Trypsin	NT=Q Exactive;AC=MS:1001911	NT=Carbamidomethyl;TA=C;MT=fixed;AC=UNIMOD:4	NT=Oxidation;TA=M;AC=UNIMOD:35;MT=variable	NT=TMT10plex;TA=K;PP=Any N-term;MT=fixed	AC=MS:1000422;NT=HCD	30% NCE	10 ppm	0.02 Da	cell
Sample 1	Homo sapiens	breast	adult	breast cancer	female	51Y	Caucasian	epithelial	MDA-MB-231	run 30	TMT	ElenaP_shTRAP_TMT10_750ugIPG3-10_4of15ul_fr30.raw	ftp://ftp.pride.ebi.ac.uk/pride/data/archive/2017/09/PXD006430/ElenaP_shTRAP_TMT10_750ugIPG3-10_4of15ul_fr30.raw	30	AC=MS:1001251;NT=Trypsin	NT=Q Exactive;AC=MS:1001911	NT=Carbamidomethyl;TA=C;MT=fixed;AC=UNIMOD:4	NT=Oxidation;TA=M;AC=UNIMOD:35;MT=variable	NT=TMT10plex;TA=K;PP=Any N-term;MT=fixed	AC=MS:1000422;NT=HCD	30% NCE	10 ppm	0.02 Da	cell
Sample 1	Homo sapiens	breast	adult	breast cancer	female	51Y	Caucasian	epithelial	MDA-MB-231	run 31	TMT	ElenaP_shTRAP_TMT10_750ugIPG3-10_4of15ul_fr31.raw	ftp://ftp.pride.ebi.ac.uk/pride/data/archive/2017/09/PXD006430/ElenaP_shTRAP_TMT10_750ugIPG3-10_4of15ul_fr31.raw	31	AC=MS:1001251;NT=Trypsin	NT=Q Exactive;AC=MS:1001911	NT=Carbamidomethyl;TA=C;MT=fixed;AC=UNIMOD:4	NT=Oxidation;TA=M;AC=UNIMOD:35;MT=variable	NT=TMT10plex;TA=K;PP=Any N-term;MT=fixed	AC=MS:1000422;NT=HCD	30% NCE	10 ppm	0.02 Da	cell
Sample 1	Homo sapiens	breast	adult	breast cancer	female	51Y	Caucasian	epithelial	MDA-MB-231	run 32	TMT	ElenaP_shTRAP_TMT10_750ugIPG3-10_4of15ul_fr32.raw	ftp://ftp.pride.ebi.ac.uk/pride/data/archive/2017/09/PXD006430/ElenaP_shTRAP_TMT10_750ugIPG3-10_4of15ul_fr32.raw	32	AC=MS:1001251;NT=Trypsin	NT=Q Exactive;AC=MS:1001911	NT=Carbamidomethyl;TA=C;MT=fixed;AC=UNIMOD:4	NT=Oxidation;TA=M;AC=UNIMOD:35;MT=variable	NT=TMT10plex;TA=K;PP=Any N-term;MT=fixed	AC=MS:1000422;NT=HCD	30% NCE	10 ppm	0.02 Da	cell
Sample 1	Homo sapiens	breast	adult	breast cancer	female	51Y	Caucasian	epithelial	MDA-MB-231	run 33	TMT	ElenaP_shTRAP_TMT10_750ugIPG3-10_4of15ul_fr33.raw	ftp://ftp.pride.ebi.ac.uk/pride/data/archive/2017/09/PXD006430/ElenaP_shTRAP_TMT10_750ugIPG3-10_4of15ul_fr33.raw	33	AC=MS:1001251;NT=Trypsin	NT=Q Exactive;AC=MS:1001911	NT=Carbamidomethyl;TA=C;MT=fixed;AC=UNIMOD:4	NT=Oxidation;TA=M;AC=UNIMOD:35;MT=variable	NT=TMT10plex;TA=K;PP=Any N-term;MT=fixed	AC=MS:1000422;NT=HCD	30% NCE	10 ppm	0.02 Da	cell
Sample 1	Homo sapiens	breast	adult	breast cancer	female	51Y	Caucasian	epithelial	MDA-MB-231	run 34	TMT	ElenaP_shTRAP_TMT10_750ugIPG3-10_4of15ul_fr34.raw	ftp://ftp.pride.ebi.ac.uk/pride/data/archive/2017/09/PXD006430/ElenaP_shTRAP_TMT10_750ugIPG3-10_4of15ul_fr34.raw	34	AC=MS:1001251;NT=Trypsin	NT=Q Exactive;AC=MS:1001911	NT=Carbamidomethyl;TA=C;MT=fixed;AC=UNIMOD:4	NT=Oxidation;TA=M;AC=UNIMOD:35;MT=variable	NT=TMT10plex;TA=K;PP=Any N-term;MT=fixed	AC=MS:1000422;NT=HCD	30% NCE	10 ppm	0.02 Da	cell
Sample 1	Homo sapiens	breast	adult	breast cancer	female	51Y	Caucasian	epithelial	MDA-MB-231	run 35	TMT	ElenaP_shTRAP_TMT10_750ugIPG3-10_4of15ul_fr35.raw	ftp://ftp.pride.ebi.ac.uk/pride/data/archive/2017/09/PXD006430/ElenaP_shTRAP_TMT10_750ugIPG3-10_4of15ul_fr35.raw	35	AC=MS:1001251;NT=Trypsin	NT=Q Exactive;AC=MS:1001911	NT=Carbamidomethyl;TA=C;MT=fixed;AC=UNIMOD:4	NT=Oxidation;TA=M;AC=UNIMOD:35;MT=variable	NT=TMT10plex;TA=K;PP=Any N-term;MT=fixed	AC=MS:1000422;NT=HCD	30% NCE	10 ppm	0.02 Da	cell
Sample 1	Homo sapiens	breast	adult	breast cancer	female	51Y	Caucasian	epithelial	MDA-MB-231	run 36	TMT	ElenaP_shTRAP_TMT10_750ugIPG3-10_4of15ul_fr36.raw	ftp://ftp.pride.ebi.ac.uk/pride/data/archive/2017/09/PXD006430/ElenaP_shTRAP_TMT10_750ugIPG3-10_4of15ul_fr36.raw	36	AC=MS:1001251;NT=Trypsin	NT=Q Exactive;AC=MS:1001911	NT=Carbamidomethyl;TA=C;MT=fixed;AC=UNIMOD:4	NT=Oxidation;TA=M;AC=UNIMOD:35;MT=variable	NT=TMT10plex;TA=K;PP=Any N-term;MT=fixed	AC=MS:1000422;NT=HCD	30% NCE	10 ppm	0.02 Da	cell
Sample 1	Homo sapiens	breast	adult	breast cancer	female	51Y	Caucasian	epithelial	MDA-MB-231	run 37	TMT	ElenaP_shTRAP_TMT10_750ugIPG3-10_4of15ul_fr37.raw	ftp://ftp.pride.ebi.ac.uk/pride/data/archive/2017/09/PXD006430/ElenaP_shTRAP_TMT10_750ugIPG3-10_4of15ul_fr37.raw	37	AC=MS:1001251;NT=Trypsin	NT=Q Exactive;AC=MS:1001911	NT=Carbamidomethyl;TA=C;MT=fixed;AC=UNIMOD:4	NT=Oxidation;TA=M;AC=UNIMOD:35;MT=variable	NT=TMT10plex;TA=K;PP=Any N-term;MT=fixed	AC=MS:1000422;NT=HCD	30% NCE	10 ppm	0.02 Da	cell
Sample 1	Homo sapiens	breast	adult	breast cancer	female	51Y	Caucasian	epithelial	MDA-MB-231	run 38	TMT	ElenaP_shTRAP_TMT10_750ugIPG3-10_4of15ul_fr38.raw	ftp://ftp.pride.ebi.ac.uk/pride/data/archive/2017/09/PXD006430/ElenaP_shTRAP_TMT10_750ugIPG3-10_4of15ul_fr38.raw	38	AC=MS:1001251;NT=Trypsin	NT=Q Exactive;AC=MS:1001911	NT=Carbamidomethyl;TA=C;MT=fixed;AC=UNIMOD:4	NT=Oxidation;TA=M;AC=UNIMOD:35;MT=variable	NT=TMT10plex;TA=K;PP=Any N-term;MT=fixed	AC=MS:1000422;NT=HCD	30% NCE	10 ppm	0.02 Da	cell
Sample 1	Homo sapiens	breast	adult	breast cancer	female	51Y	Caucasian	epithelial	MDA-MB-231	run 39	TMT	ElenaP_shTRAP_TMT10_750ugIPG3-10_4of15ul_fr39.raw	ftp://ftp.pride.ebi.ac.uk/pride/data/archive/2017/09/PXD006430/ElenaP_shTRAP_TMT10_750ugIPG3-10_4of15ul_fr39.raw	39	AC=MS:1001251;NT=Trypsin	NT=Q Exactive;AC=MS:1001911	NT=Carbamidomethyl;TA=C;MT=fixed;AC=UNIMOD:4	NT=Oxidation;TA=M;AC=UNIMOD:35;MT=variable	NT=TMT10plex;TA=K;PP=Any N-term;MT=fixed	AC=MS:1000422;NT=HCD	30% NCE	10 ppm	0.02 Da	cell
Sample 1	Homo sapiens	breast	adult	breast cancer	female	51Y	Caucasian	epithelial	MDA-MB-231	run 40	TMT	ElenaP_shTRAP_TMT10_750ugIPG3-10_4of15ul_fr40.raw	ftp://ftp.pride.ebi.ac.uk/pride/data/archive/2017/09/PXD006430/ElenaP_shTRAP_TMT10_750ugIPG3-10_4of15ul_fr40.raw	40	AC=MS:1001251;NT=Trypsin	NT=Q Exactive;AC=MS:1001911	NT=Carbamidomethyl;TA=C;MT=fixed;AC=UNIMOD:4	NT=Oxidation;TA=M;AC=UNIMOD:35;MT=variable	NT=TMT10plex;TA=K;PP=Any N-term;MT=fixed	AC=MS:1000422;NT=HCD	30% NCE	10 ppm	0.02 Da	cell
Sample 1	Homo sapiens	breast	adult	breast cancer	female	51Y	Caucasian	epithelial	MDA-MB-231	run 41	TMT	ElenaP_shTRAP_TMT10_750ugIPG3-10_4of15ul_fr41.raw	ftp://ftp.pride.ebi.ac.uk/pride/data/archive/2017/09/PXD006430/ElenaP_shTRAP_TMT10_750ugIPG3-10_4of15ul_fr41.raw	41	AC=MS:1001251;NT=Trypsin	NT=Q Exactive;AC=MS:1001911	NT=Carbamidomethyl;TA=C;MT=fixed;AC=UNIMOD:4	NT=Oxidation;TA=M;AC=UNIMOD:35;MT=variable	NT=TMT10plex;TA=K;PP=Any N-term;MT=fixed	AC=MS:1000422;NT=HCD	30% NCE	10 ppm	0.02 Da	cell
Sample 1	Homo sapiens	breast	adult	breast cancer	female	51Y	Caucasian	epithelial	MDA-MB-231	run 42	TMT	ElenaP_shTRAP_TMT10_750ugIPG3-10_4of15ul_fr42.raw	ftp://ftp.pride.ebi.ac.uk/pride/data/archive/2017/09/PXD006430/ElenaP_shTRAP_TMT10_750ugIPG3-10_4of15ul_fr42.raw	42	AC=MS:1001251;NT=Trypsin	NT=Q Exactive;AC=MS:1001911	NT=Carbamidomethyl;TA=C;MT=fixed;AC=UNIMOD:4	NT=Oxidation;TA=M;AC=UNIMOD:35;MT=variable	NT=TMT10plex;TA=K;PP=Any N-term;MT=fixed	AC=MS:1000422;NT=HCD	30% NCE	10 ppm	0.02 Da	cell
Sample 1	Homo sapiens	breast	adult	breast cancer	female	51Y	Caucasian	epithelial	MDA-MB-231	run 43	TMT	ElenaP_shTRAP_TMT10_750ugIPG3-10_4of15ul_fr43.raw	ftp://ftp.pride.ebi.ac.uk/pride/data/archive/2017/09/PXD006430/ElenaP_shTRAP_TMT10_750ugIPG3-10_4of15ul_fr43.raw	43	AC=MS:1001251;NT=Trypsin	NT=Q Exactive;AC=MS:1001911	NT=Carbamidomethyl;TA=C;MT=fixed;AC=UNIMOD:4	NT=Oxidation;TA=M;AC=UNIMOD:35;MT=variable	NT=TMT10plex;TA=K;PP=Any N-term;MT=fixed	AC=MS:1000422;NT=HCD	30% NCE	10 ppm	0.02 Da	cell
Sample 1	Homo sapiens	breast	adult	breast cancer	female	51Y	Caucasian	epithelial	MDA-MB-231	run 44	TMT	ElenaP_shTRAP_TMT10_750ugIPG3-10_4of15ul_fr44.raw	ftp://ftp.pride.ebi.ac.uk/pride/data/archive/2017/09/PXD006430/ElenaP_shTRAP_TMT10_750ugIPG3-10_4of15ul_fr44.raw	44	AC=MS:1001251;NT=Trypsin	NT=Q Exactive;AC=MS:1001911	NT=Carbamidomethyl;TA=C;MT=fixed;AC=UNIMOD:4	NT=Oxidation;TA=M;AC=UNIMOD:35;MT=variable	NT=TMT10plex;TA=K;PP=Any N-term;MT=fixed	AC=MS:1000422;NT=HCD	30% NCE	10 ppm	0.02 Da	cell
Sample 1	Homo sapiens	breast	adult	breast cancer	female	51Y	Caucasian	epithelial	MDA-MB-231	run 45	TMT	ElenaP_shTRAP_TMT10_750ugIPG3-10_4of15ul_fr45.raw	ftp://ftp.pride.ebi.ac.uk/pride/data/archive/2017/09/PXD006430/ElenaP_shTRAP_TMT10_750ugIPG3-10_4of15ul_fr45.raw	45	AC=MS:1001251;NT=Trypsin	NT=Q Exactive;AC=MS:1001911	NT=Carbamidomethyl;TA=C;MT=fixed;AC=UNIMOD:4	NT=Oxidation;TA=M;AC=UNIMOD:35;MT=variable	NT=TMT10plex;TA=K;PP=Any N-term;MT=fixed	AC=MS:1000422;NT=HCD	30% NCE	10 ppm	0.02 Da	cell
Sample 1	Homo sapiens	breast	adult	breast cancer	female	51Y	Caucasian	epithelial	MDA-MB-231	run 46	TMT	ElenaP_shTRAP_TMT10_750ugIPG3-10_4of15ul_fr46.raw	ftp://ftp.pride.ebi.ac.uk/pride/data/archive/2017/09/PXD006430/ElenaP_shTRAP_TMT10_750ugIPG3-10_4of15ul_fr46.raw	46	AC=MS:1001251;NT=Trypsin	NT=Q Exactive;AC=MS:1001911	NT=Carbamidomethyl;TA=C;MT=fixed;AC=UNIMOD:4	NT=Oxidation;TA=M;AC=UNIMOD:35;MT=variable	NT=TMT10plex;TA=K;PP=Any N-term;MT=fixed	AC=MS:1000422;NT=HCD	30% NCE	10 ppm	0.02 Da	cell
Sample 1	Homo sapiens	breast	adult	breast cancer	female	51Y	Caucasian	epithelial	MDA-MB-231	run 47	TMT	ElenaP_shTRAP_TMT10_750ugIPG3-10_4of15ul_fr47.raw	ftp://ftp.pride.ebi.ac.uk/pride/data/archive/2017/09/PXD006430/ElenaP_shTRAP_TMT10_750ugIPG3-10_4of15ul_fr47.raw	47	AC=MS:1001251;NT=Trypsin	NT=Q Exactive;AC=MS:1001911	NT=Carbamidomethyl;TA=C;MT=fixed;AC=UNIMOD:4	NT=Oxidation;TA=M;AC=UNIMOD:35;MT=variable	NT=TMT10plex;TA=K;PP=Any N-term;MT=fixed	AC=MS:1000422;NT=HCD	30% NCE	10 ppm	0.02 Da	cell
Sample 1	Homo sapiens	breast	adult	breast cancer	female	51Y	Caucasian	epithelial	MDA-MB-231	run 48	TMT	ElenaP_shTRAP_TMT10_750ugIPG3-10_4of15ul_fr48.raw	ftp://ftp.pride.ebi.ac.uk/pride/data/archive/2017/09/PXD006430/ElenaP_shTRAP_TMT10_750ugIPG3-10_4of15ul_fr48.raw	48	AC=MS:1001251;NT=Trypsin	NT=Q Exactive;AC=MS:1001911	NT=Carbamidomethyl;TA=C;MT=fixed;AC=UNIMOD:4	NT=Oxidation;TA=M;AC=UNIMOD:35;MT=variable	NT=TMT10plex;TA=K;PP=Any N-term;MT=fixed	AC=MS:1000422;NT=HCD	30% NCE	10 ppm	0.02 Da	cell
Sample 1	Homo sapiens	breast	adult	breast cancer	female	51Y	Caucasian	epithelial	MDA-MB-231	run 49	TMT	ElenaP_shTRAP_TMT10_750ugIPG3-10_4of15ul_fr49.raw	ftp://ftp.pride.ebi.ac.uk/pride/data/archive/2017/09/PXD006430/ElenaP_shTRAP_TMT10_750ugIPG3-10_4of15ul_fr49.raw	49	AC=MS:1001251;NT=Trypsin	NT=Q Exactive;AC=MS:1001911	NT=Carbamidomethyl;TA=C;MT=fixed;AC=UNIMOD:4	NT=Oxidation;TA=M;AC=UNIMOD:35;MT=variable	NT=TMT10plex;TA=K;PP=Any N-term;MT=fixed	AC=MS:1000422;NT=HCD	30% NCE	10 ppm	0.02 Da	cell
Sample 1	Homo sapiens	breast	adult	breast cancer	female	51Y	Caucasian	epithelial	MDA-MB-231	run 50	TMT	ElenaP_shTRAP_TMT10_750ugIPG3-10_4of15ul_fr50.raw	ftp://ftp.pride.ebi.ac.uk/pride/data/archive/2017/09/PXD006430/ElenaP_shTRAP_TMT10_750ugIPG3-10_4of15ul_fr50.raw	50	AC=MS:1001251;NT=Trypsin	NT=Q Exactive;AC=MS:1001911	NT=Carbamidomethyl;TA=C;MT=fixed;AC=UNIMOD:4	NT=Oxidation;TA=M;AC=UNIMOD:35;MT=variable	NT=TMT10plex;TA=K;PP=Any N-term;MT=fixed	AC=MS:1000422;NT=HCD	30% NCE	10 ppm	0.02 Da	cell
Sample 1	Homo sapiens	breast	adult	breast cancer	female	51Y	Caucasian	epithelial	MDA-MB-231	run 51	TMT	ElenaP_shTRAP_TMT10_750ugIPG3-10_4of15ul_fr51.raw	ftp://ftp.pride.ebi.ac.uk/pride/data/archive/2017/09/PXD006430/ElenaP_shTRAP_TMT10_750ugIPG3-10_4of15ul_fr51.raw	51	AC=MS:1001251;NT=Trypsin	NT=Q Exactive;AC=MS:1001911	NT=Carbamidomethyl;TA=C;MT=fixed;AC=UNIMOD:4	NT=Oxidation;TA=M;AC=UNIMOD:35;MT=variable	NT=TMT10plex;TA=K;PP=Any N-term;MT=fixed	AC=MS:1000422;NT=HCD	30% NCE	10 ppm	0.02 Da	cell
Sample 1	Homo sapiens	breast	adult	breast cancer	female	51Y	Caucasian	epithelial	MDA-MB-231	run 52	TMT	ElenaP_shTRAP_TMT10_750ugIPG3-10_4of15ul_fr52.raw	ftp://ftp.pride.ebi.ac.uk/pride/data/archive/2017/09/PXD006430/ElenaP_shTRAP_TMT10_750ugIPG3-10_4of15ul_fr52.raw	52	AC=MS:1001251;NT=Trypsin	NT=Q Exactive;AC=MS:1001911	NT=Carbamidomethyl;TA=C;MT=fixed;AC=UNIMOD:4	NT=Oxidation;TA=M;AC=UNIMOD:35;MT=variable	NT=TMT10plex;TA=K;PP=Any N-term;MT=fixed	AC=MS:1000422;NT=HCD	30% NCE	10 ppm	0.02 Da	cell
Sample 1	Homo sapiens	breast	adult	breast cancer	female	51Y	Caucasian	epithelial	MDA-MB-231	run 53	TMT	ElenaP_shTRAP_TMT10_750ugIPG3-10_4of15ul_fr53.raw	ftp://ftp.pride.ebi.ac.uk/pride/data/archive/2017/09/PXD006430/ElenaP_shTRAP_TMT10_750ugIPG3-10_4of15ul_fr53.raw	53	AC=MS:1001251;NT=Trypsin	NT=Q Exactive;AC=MS:1001911	NT=Carbamidomethyl;TA=C;MT=fixed;AC=UNIMOD:4	NT=Oxidation;TA=M;AC=UNIMOD:35;MT=variable	NT=TMT10plex;TA=K;PP=Any N-term;MT=fixed	AC=MS:1000422;NT=HCD	30% NCE	10 ppm	0.02 Da	cell
Sample 1	Homo sapiens	breast	adult	breast cancer	female	51Y	Caucasian	epithelial	MDA-MB-231	run 54	TMT	ElenaP_shTRAP_TMT10_750ugIPG3-10_4of15ul_fr54.raw	ftp://ftp.pride.ebi.ac.uk/pride/data/archive/2017/09/PXD006430/ElenaP_shTRAP_TMT10_750ugIPG3-10_4of15ul_fr54.raw	54	AC=MS:1001251;NT=Trypsin	NT=Q Exactive;AC=MS:1001911	NT=Carbamidomethyl;TA=C;MT=fixed;AC=UNIMOD:4	NT=Oxidation;TA=M;AC=UNIMOD:35;MT=variable	NT=TMT10plex;TA=K;PP=Any N-term;MT=fixed	AC=MS:1000422;NT=HCD	30% NCE	10 ppm	0.02 Da	cell
Sample 1	Homo sapiens	breast	adult	breast cancer	female	51Y	Caucasian	epithelial	MDA-MB-231	run 55	TMT	ElenaP_shTRAP_TMT10_750ugIPG3-10_4of15ul_fr55.raw	ftp://ftp.pride.ebi.ac.uk/pride/data/archive/2017/09/PXD006430/ElenaP_shTRAP_TMT10_750ugIPG3-10_4of15ul_fr55.raw	55	AC=MS:1001251;NT=Trypsin	NT=Q Exactive;AC=MS:1001911	NT=Carbamidomethyl;TA=C;MT=fixed;AC=UNIMOD:4	NT=Oxidation;TA=M;AC=UNIMOD:35;MT=variable	NT=TMT10plex;TA=K;PP=Any N-term;MT=fixed	AC=MS:1000422;NT=HCD	30% NCE	10 ppm	0.02 Da	cell
Sample 1	Homo sapiens	breast	adult	breast cancer	female	51Y	Caucasian	epithelial	MDA-MB-231	run 56	TMT	ElenaP_shTRAP_TMT10_750ugIPG3-10_4of15ul_fr56.raw	ftp://ftp.pride.ebi.ac.uk/pride/data/archive/2017/09/PXD006430/ElenaP_shTRAP_TMT10_750ugIPG3-10_4of15ul_fr56.raw	56	AC=MS:1001251;NT=Trypsin	NT=Q Exactive;AC=MS:1001911	NT=Carbamidomethyl;TA=C;MT=fixed;AC=UNIMOD:4	NT=Oxidation;TA=M;AC=UNIMOD:35;MT=variable	NT=TMT10plex;TA=K;PP=Any N-term;MT=fixed	AC=MS:1000422;NT=HCD	30% NCE	10 ppm	0.02 Da	cell
Sample 1	Homo sapiens	breast	adult	breast cancer	female	51Y	Caucasian	epithelial	MDA-MB-231	run 57	TMT	ElenaP_shTRAP_TMT10_750ugIPG3-10_4of15ul_fr57.raw	ftp://ftp.pride.ebi.ac.uk/pride/data/archive/2017/09/PXD006430/ElenaP_shTRAP_TMT10_750ugIPG3-10_4of15ul_fr57.raw	57	AC=MS:1001251;NT=Trypsin	NT=Q Exactive;AC=MS:1001911	NT=Carbamidomethyl;TA=C;MT=fixed;AC=UNIMOD:4	NT=Oxidation;TA=M;AC=UNIMOD:35;MT=variable	NT=TMT10plex;TA=K;PP=Any N-term;MT=fixed	AC=MS:1000422;NT=HCD	30% NCE	10 ppm	0.02 Da	cell
Sample 1	Homo sapiens	breast	adult	breast cancer	female	51Y	Caucasian	epithelial	MDA-MB-231	run 58	TMT	ElenaP_shTRAP_TMT10_750ugIPG3-10_4of15ul_fr58.raw	ftp://ftp.pride.ebi.ac.uk/pride/data/archive/2017/09/PXD006430/ElenaP_shTRAP_TMT10_750ugIPG3-10_4of15ul_fr58.raw	58	AC=MS:1001251;NT=Trypsin	NT=Q Exactive;AC=MS:1001911	NT=Carbamidomethyl;TA=C;MT=fixed;AC=UNIMOD:4	NT=Oxidation;TA=M;AC=UNIMOD:35;MT=variable	NT=TMT10plex;TA=K;PP=Any N-term;MT=fixed	AC=MS:1000422;NT=HCD	30% NCE	10 ppm	0.02 Da	cell
Sample 1	Homo sapiens	breast	adult	breast cancer	female	51Y	Caucasian	epithelial	MDA-MB-231	run 59	TMT	ElenaP_shTRAP_TMT10_750ugIPG3-10_4of15ul_fr59.raw	ftp://ftp.pride.ebi.ac.uk/pride/data/archive/2017/09/PXD006430/ElenaP_shTRAP_TMT10_750ugIPG3-10_4of15ul_fr59.raw	59	AC=MS:1001251;NT=Trypsin	NT=Q Exactive;AC=MS:1001911	NT=Carbamidomethyl;TA=C;MT=fixed;AC=UNIMOD:4	NT=Oxidation;TA=M;AC=UNIMOD:35;MT=variable	NT=TMT10plex;TA=K;PP=Any N-term;MT=fixed	AC=MS:1000422;NT=HCD	30% NCE	10 ppm	0.02 Da	cell
Sample 1	Homo sapiens	breast	adult	breast cancer	female	51Y	Caucasian	epithelial	MDA-MB-231	run 60	TMT	ElenaP_shTRAP_TMT10_750ugIPG3-10_4of15ul_fr60.raw	ftp://ftp.pride.ebi.ac.uk/pride/data/archive/2017/09/PXD006430/ElenaP_shTRAP_TMT10_750ugIPG3-10_4of15ul_fr60.raw	60	AC=MS:1001251;NT=Trypsin	NT=Q Exactive;AC=MS:1001911	NT=Carbamidomethyl;TA=C;MT=fixed;AC=UNIMOD:4	NT=Oxidation;TA=M;AC=UNIMOD:35;MT=variable	NT=TMT10plex;TA=K;PP=Any N-term;MT=fixed	AC=MS:1000422;NT=HCD	30% NCE	10 ppm	0.02 Da	cell
Sample 1	Homo sapiens	breast	adult	breast cancer	female	51Y	Caucasian	epithelial	MDA-MB-231	run 61	TMT	ElenaP_shTRAP_TMT10_750ugIPG3-10_4of15ul_fr61.raw	ftp://ftp.pride.ebi.ac.uk/pride/data/archive/2017/09/PXD006430/ElenaP_shTRAP_TMT10_750ugIPG3-10_4of15ul_fr61.raw	61	AC=MS:1001251;NT=Trypsin	NT=Q Exactive;AC=MS:1001911	NT=Carbamidomethyl;TA=C;MT=fixed;AC=UNIMOD:4	NT=Oxidation;TA=M;AC=UNIMOD:35;MT=variable	NT=TMT10plex;TA=K;PP=Any N-term;MT=fixed	AC=MS:1000422;NT=HCD	30% NCE	10 ppm	0.02 Da	cell
Sample 1	Homo sapiens	breast	adult	breast cancer	female	51Y	Caucasian	epithelial	MDA-MB-231	run 62	TMT	ElenaP_shTRAP_TMT10_750ugIPG3-10_4of15ul_fr62.raw	ftp://ftp.pride.ebi.ac.uk/pride/data/archive/2017/09/PXD006430/ElenaP_shTRAP_TMT10_750ugIPG3-10_4of15ul_fr62.raw	62	AC=MS:1001251;NT=Trypsin	NT=Q Exactive;AC=MS:1001911	NT=Carbamidomethyl;TA=C;MT=fixed;AC=UNIMOD:4	NT=Oxidation;TA=M;AC=UNIMOD:35;MT=variable	NT=TMT10plex;TA=K;PP=Any N-term;MT=fixed	AC=MS:1000422;NT=HCD	30% NCE	10 ppm	0.02 Da	cell
Sample 1	Homo sapiens	breast	adult	breast cancer	female	51Y	Caucasian	epithelial	MDA-MB-231	run 63	TMT	ElenaP_shTRAP_TMT10_750ugIPG3-10_4of15ul_fr63.raw	ftp://ftp.pride.ebi.ac.uk/pride/data/archive/2017/09/PXD006430/ElenaP_shTRAP_TMT10_750ugIPG3-10_4of15ul_fr63.raw	63	AC=MS:1001251;NT=Trypsin	NT=Q Exactive;AC=MS:1001911	NT=Carbamidomethyl;TA=C;MT=fixed;AC=UNIMOD:4	NT=Oxidation;TA=M;AC=UNIMOD:35;MT=variable	NT=TMT10plex;TA=K;PP=Any N-term;MT=fixed	AC=MS:1000422;NT=HCD	30% NCE	10 ppm	0.02 Da	cell
Sample 1	Homo sapiens	breast	adult	breast cancer	female	51Y	Caucasian	epithelial	MDA-MB-231	run 64	TMT	ElenaP_shTRAP_TMT10_750ugIPG3-10_4of15ul_fr64.raw	ftp://ftp.pride.ebi.ac.uk/pride/data/archive/2017/09/PXD006430/ElenaP_shTRAP_TMT10_750ugIPG3-10_4of15ul_fr64.raw	64	AC=MS:1001251;NT=Trypsin	NT=Q Exactive;AC=MS:1001911	NT=Carbamidomethyl;TA=C;MT=fixed;AC=UNIMOD:4	NT=Oxidation;TA=M;AC=UNIMOD:35;MT=variable	NT=TMT10plex;TA=K;PP=Any N-term;MT=fixed	AC=MS:1000422;NT=HCD	30% NCE	10 ppm	0.02 Da	cell
Sample 1	Homo sapiens	breast	adult	breast cancer	female	51Y	Caucasian	epithelial	MDA-MB-231	run 65	TMT	ElenaP_shTRAP_TMT10_750ugIPG3-10_4of15ul_fr65.raw	ftp://ftp.pride.ebi.ac.uk/pride/data/archive/2017/09/PXD006430/ElenaP_shTRAP_TMT10_750ugIPG3-10_4of15ul_fr65.raw	65	AC=MS:1001251;NT=Trypsin	NT=Q Exactive;AC=MS:1001911	NT=Carbamidomethyl;TA=C;MT=fixed;AC=UNIMOD:4	NT=Oxidation;TA=M;AC=UNIMOD:35;MT=variable	NT=TMT10plex;TA=K;PP=Any N-term;MT=fixed	AC=MS:1000422;NT=HCD	30% NCE	10 ppm	0.02 Da	cell
Sample 1	Homo sapiens	breast	adult	breast cancer	female	51Y	Caucasian	epithelial	MDA-MB-231	run 66	TMT	ElenaP_shTRAP_TMT10_750ugIPG3-10_4of15ul_fr66.raw	ftp://ftp.pride.ebi.ac.uk/pride/data/archive/2017/09/PXD006430/ElenaP_shTRAP_TMT10_750ugIPG3-10_4of15ul_fr66.raw	66	AC=MS:1001251;NT=Trypsin	NT=Q Exactive;AC=MS:1001911	NT=Carbamidomethyl;TA=C;MT=fixed;AC=UNIMOD:4	NT=Oxidation;TA=M;AC=UNIMOD:35;MT=variable	NT=TMT10plex;TA=K;PP=Any N-term;MT=fixed	AC=MS:1000422;NT=HCD	30% NCE	10 ppm	0.02 Da	cell
Sample 1	Homo sapiens	breast	adult	breast cancer	female	51Y	Caucasian	epithelial	MDA-MB-231	run 67	TMT	ElenaP_shTRAP_TMT10_750ugIPG3-10_4of15ul_fr67.raw	ftp://ftp.pride.ebi.ac.uk/pride/data/archive/2017/09/PXD006430/ElenaP_shTRAP_TMT10_750ugIPG3-10_4of15ul_fr67.raw	67	AC=MS:1001251;NT=Trypsin	NT=Q Exactive;AC=MS:1001911	NT=Carbamidomethyl;TA=C;MT=fixed;AC=UNIMOD:4	NT=Oxidation;TA=M;AC=UNIMOD:35;MT=variable	NT=TMT10plex;TA=K;PP=Any N-term;MT=fixed	AC=MS:1000422;NT=HCD	30% NCE	10 ppm	0.02 Da	cell
Sample 1	Homo sapiens	breast	adult	breast cancer	female	51Y	Caucasian	epithelial	MDA-MB-231	run 68	TMT	ElenaP_shTRAP_TMT10_750ugIPG3-10_4of15ul_fr68.raw	ftp://ftp.pride.ebi.ac.uk/pride/data/archive/2017/09/PXD006430/ElenaP_shTRAP_TMT10_750ugIPG3-10_4of15ul_fr68.raw	68	AC=MS:1001251;NT=Trypsin	NT=Q Exactive;AC=MS:1001911	NT=Carbamidomethyl;TA=C;MT=fixed;AC=UNIMOD:4	NT=Oxidation;TA=M;AC=UNIMOD:35;MT=variable	NT=TMT10plex;TA=K;PP=Any N-term;MT=fixed	AC=MS:1000422;NT=HCD	30% NCE	10 ppm	0.02 Da	cell
Sample 1	Homo sapiens	breast	adult	breast cancer	female	51Y	Caucasian	epithelial	MDA-MB-231	run 69	TMT	ElenaP_shTRAP_TMT10_750ugIPG3-10_4of15ul_fr69.raw	ftp://ftp.pride.ebi.ac.uk/pride/data/archive/2017/09/PXD006430/ElenaP_shTRAP_TMT10_750ugIPG3-10_4of15ul_fr69.raw	69	AC=MS:1001251;NT=Trypsin	NT=Q Exactive;AC=MS:1001911	NT=Carbamidomethyl;TA=C;MT=fixed;AC=UNIMOD:4	NT=Oxidation;TA=M;AC=UNIMOD:35;MT=variable	NT=TMT10plex;TA=K;PP=Any N-term;MT=fixed	AC=MS:1000422;NT=HCD	30% NCE	10 ppm	0.02 Da	cell
Sample 1	Homo sapiens	breast	adult	breast cancer	female	51Y	Caucasian	epithelial	MDA-MB-231	run 70	TMT	ElenaP_shTRAP_TMT10_750ugIPG3-10_4of15ul_fr70.raw	ftp://ftp.pride.ebi.ac.uk/pride/data/archive/2017/09/PXD006430/ElenaP_shTRAP_TMT10_750ugIPG3-10_4of15ul_fr70.raw	70	AC=MS:1001251;NT=Trypsin	NT=Q Exactive;AC=MS:1001911	NT=Carbamidomethyl;TA=C;MT=fixed;AC=UNIMOD:4	NT=Oxidation;TA=M;AC=UNIMOD:35;MT=variable	NT=TMT10plex;TA=K;PP=Any N-term;MT=fixed	AC=MS:1000422;NT=HCD	30% NCE	10 ppm	0.02 Da	cell
Sample 1	Homo sapiens	breast	adult	breast cancer	female	51Y	Caucasian	epithelial	MDA-MB-231	run 71	TMT	ElenaP_shTRAP_TMT10_750ugIPG3-10_4of15ul_fr71.raw	ftp://ftp.pride.ebi.ac.uk/pride/data/archive/2017/09/PXD006430/ElenaP_shTRAP_TMT10_750ugIPG3-10_4of15ul_fr71.raw	71	AC=MS:1001251;NT=Trypsin	NT=Q Exactive;AC=MS:1001911	NT=Carbamidomethyl;TA=C;MT=fixed;AC=UNIMOD:4	NT=Oxidation;TA=M;AC=UNIMOD:35;MT=variable	NT=TMT10plex;TA=K;PP=Any N-term;MT=fixed	AC=MS:1000422;NT=HCD	30% NCE	10 ppm	0.02 Da	cell
Sample 1	Homo sapiens	breast	adult	breast cancer	female	51Y	Caucasian	epithelial	MDA-MB-231	run 72	TMT	ElenaP_shTRAP_TMT10_750ugIPG3-10_4of15ul_fr72.raw	ftp://ftp.pride.ebi.ac.uk/pride/data/archive/2017/09/PXD006430/ElenaP_shTRAP_TMT10_750ugIPG3-10_4of15ul_fr72.raw	72	AC=MS:1001251;NT=Trypsin	NT=Q Exactive;AC=MS:1001911	NT=Carbamidomethyl;TA=C;MT=fixed;AC=UNIMOD:4	NT=Oxidation;TA=M;AC=UNIMOD:35;MT=variable	NT=TMT10plex;TA=K;PP=Any N-term;MT=fixed	AC=MS:1000422;NT=HCD	30% NCE	10 ppm	0.02 Da	cell
